1,03:32:45
1,03:32:54
1,03:33:04
1,03:33:08
1,03:33:30
1,03:33:37
1,03:33:40
1,03:33:41
1,03:33:42
1,03:33:48
1,03:34:21
1,03:34:28
1,03:34:43
1,03:34:46
1,03:35:20
1,03:35:56
1,03:36:05
1,03:36:10
1,03:36:45
1,03:36:51
1,03:36:59
1,03:37:12
1,03:37:16
1,03:37:28
1,03:37:29
1,03:37:31
2,03:37:42
2,03:37:42
1,03:38:03
1,03:38:05
1,03:38:06
1,03:38:08
2,03:38:11
2,03:38:11
1,03:38:33
1,03:38:37
1,03:38:41
1,03:38:45
1,03:38:50
1,03:38:51
1,03:39:01
1,03:39:12
1,03:39:20
1,03:39:21
1,03:39:30
1,03:39:33
1,03:39:40
1,03:39:41
1,03:39:51
1,03:40:34
2,03:40:44
2,03:40:44
1,03:40:47
1,03:40:59
1,03:41:04
1,03:41:05
1,03:41:06
1,03:41:07
1,03:41:18
1,03:41:35
2,03:41:38
2,03:41:38
1,03:41:40
1,03:41:56
1,03:42:09
1,03:42:19
1,03:42:35
1,03:43:02
1,03:43:06
1,03:43:12
1,03:43:29
1,03:43:41
1,03:43:50
1,03:43:53
1,03:43:59
1,03:44:15
1,03:44:20
1,03:44:50
1,03:45:02
1,03:45:08
1,03:45:09
1,03:45:18
1,03:45:25
1,03:45:30
1,03:45:37
1,03:46:18
1,03:46:38
1,03:46:49
1,03:47:11
1,03:47:14
1,03:47:28
1,03:47:40
1,03:47:51
1,03:48:09
1,03:48:17
1,03:48:20
1,03:48:21
1,03:48:27
1,03:48:48
1,03:49:05
1,03:49:10
1,03:49:11
1,03:49:16
1,03:49:18
1,03:49:23
1,03:49:24
1,03:49:28
1,03:49:45
1,03:49:54
1,03:50:05
1,03:50:15
2,03:50:26
2,03:50:26
1,03:50:30
1,03:50:36
1,03:50:47
1,03:50:48
1,03:50:54
1,03:50:55
1,03:51:02
1,03:51:14
1,03:51:22
1,03:51:26
1,03:51:33
1,03:51:45
1,03:51:49
1,03:52:13
1,03:52:29
1,03:52:30
1,03:52:33
1,03:52:35
1,03:52:36
1,03:52:41
1,03:52:50
1,03:52:51
1,03:52:55
1,03:52:58
1,03:53:02
1,03:53:05
1,03:53:12
1,03:53:18
1,03:53:23
1,03:53:33
1,03:53:35
2,03:53:40
2,03:53:40
1,03:53:46
1,03:53:54
1,03:53:56
1,03:53:57
1,03:54:00
1,03:54:03
1,03:54:04
1,03:54:08
1,03:54:27
1,03:54:31
1,03:54:33
1,03:54:45
1,03:54:48
1,03:54:49
1,03:54:50
1,03:55:02
1,03:55:23
1,03:55:25
1,03:55:35
2,03:55:40
2,03:55:40
1,03:55:44
1,03:55:46
1,03:55:49
1,03:56:02
1,03:56:11
1,03:56:14
1,03:56:15
1,03:56:19
2,03:56:28
2,03:56:28
1,03:56:30
1,03:56:50
1,03:57:01
1,03:57:04
1,03:57:18
1,03:57:20
1,03:57:23
1,03:57:34
1,03:57:50
1,03:57:52
1,03:57:56
1,03:57:58
1,03:58:01
1,03:58:03
1,03:58:05
1,03:58:09
1,03:58:19
1,03:58:31
1,03:58:38
1,03:58:39
1,03:58:43
1,03:58:51
1,03:59:02
1,03:59:11
1,03:59:21
1,03:59:24
2,03:59:52
2,03:59:52
2,03:59:54
2,03:59:54
1,04:00:37
1,04:00:38
1,04:00:52
1,04:01:01
1,04:01:10
1,04:01:13
1,04:01:23
1,04:01:34
1,04:01:36
1,04:01:43
1,04:01:46
1,04:01:53
1,04:01:57
1,04:01:59
1,04:02:11
1,04:02:23
1,04:02:45
1,04:03:06
1,04:03:13
1,04:03:16
1,04:03:27
2,04:03:38
2,04:03:38
1,04:04:04
1,04:04:06
1,04:04:08
1,04:04:10
1,04:04:12
1,04:04:20
1,04:04:38
1,04:04:45
1,04:05:03
1,04:05:11
1,04:05:13
1,04:05:38
1,04:05:44
1,04:05:49
1,04:05:56
1,04:06:00
1,04:06:13
1,04:06:27
1,04:06:43
1,04:06:59
1,04:07:11
1,04:07:27
1,04:08:08
2,04:08:11
2,04:08:11
1,04:08:18
1,04:08:39
1,04:08:44
1,04:09:04
1,04:09:09
1,04:09:26
1,04:09:27
1,04:09:43
1,04:09:50
1,04:09:55
1,04:09:56
1,04:10:27
1,04:10:28
1,04:10:42
1,04:10:43
2,04:10:46
2,04:10:46
1,04:10:52
1,04:11:49
1,04:12:23
1,04:12:30
1,04:13:00
1,04:13:12
1,04:13:26
1,04:13:35
1,04:13:40
1,04:13:41
1,04:13:59
1,04:14:04
1,04:14:07
1,04:14:14
1,04:14:24
1,04:14:25
1,04:14:31
1,04:14:43
1,04:14:53
1,04:14:56
1,04:15:06
1,04:15:07
1,04:15:36
1,04:15:45
1,04:16:25
1,04:16:27
1,04:16:45
1,04:16:57
1,04:17:01
1,04:17:18
2,04:18:01
2,04:18:01
1,04:18:08
2,04:18:11
2,04:18:11
1,04:18:25
1,04:18:31
1,04:18:35
1,04:18:51
1,04:18:55
1,04:18:56
1,04:19:03
1,04:19:15
1,04:19:20
2,04:19:22
2,04:19:22
1,04:19:24
1,04:19:26
1,04:19:32
2,04:19:40
2,04:19:40
1,04:19:43
1,04:19:46
1,04:19:50
1,04:19:52
1,04:19:53
1,04:20:12
1,04:20:16
1,04:20:20
1,04:20:24
1,04:20:37
1,04:21:00
1,04:21:43
1,04:21:50
1,04:21:52
1,04:22:02
1,04:22:03
1,04:22:07
1,04:22:09
1,04:22:14
1,04:22:20
1,04:23:07
1,04:23:15
1,04:23:23
1,04:24:15
2,04:24:19
2,04:24:19
1,04:24:32
1,04:24:47
1,04:25:08
1,04:25:15
1,04:25:18
1,04:25:47
1,04:25:51
1,04:26:01
1,04:26:07
1,04:26:09
1,04:26:17
1,04:26:21
1,04:26:24
1,04:26:36
1,04:26:39
1,04:26:56
1,04:27:03
1,04:27:06
1,04:27:07
1,04:27:08
1,04:27:22
1,04:27:34
1,04:27:45
1,04:28:21
1,04:28:23
1,04:28:27
2,04:28:32
2,04:28:32
1,04:28:38
1,04:28:41
1,04:28:55
2,04:29:05
2,04:29:05
1,04:29:07
1,04:29:09
1,04:29:15
1,04:29:23
1,04:29:27
1,04:29:30
1,04:29:39
1,04:29:40
1,04:29:50
1,04:29:56
1,04:30:00
1,04:30:02
1,04:30:03
1,04:30:09
1,04:30:11
1,04:30:18
1,04:30:21
2,04:30:39
2,04:30:39
1,04:30:50
2,04:30:54
2,04:30:54
1,04:31:00
1,04:31:23
1,04:31:28
1,04:31:29
1,04:31:56
1,04:32:09
1,04:32:12
1,04:32:13
1,04:32:14
1,04:32:16
1,04:32:18
1,04:32:23
1,04:32:27
1,04:32:28
1,04:32:39
1,04:32:48
1,04:32:50
1,04:32:53
1,04:32:56
1,04:32:58
1,04:33:09
1,04:33:25
1,04:33:31
1,04:33:47
1,04:33:50
1,04:33:59
1,04:34:12
1,04:34:20
1,04:34:21
1,04:34:33
1,04:34:39
1,04:34:40
1,04:34:51
1,04:34:54
1,04:35:01
1,04:35:09
1,04:35:50
1,04:35:59
1,04:36:01
1,04:36:09
1,04:36:22
2,04:36:23
2,04:36:23
1,04:36:32
1,04:36:33
1,04:36:41
1,04:36:42
1,04:36:53
1,04:36:58
1,04:37:07
1,04:37:11
1,04:37:30
1,04:37:34
1,04:37:54
1,04:38:04
1,04:38:14
1,04:38:20
1,04:38:22
1,04:38:27
1,04:38:42
1,04:38:50
1,04:38:52
2,04:38:54
2,04:38:54
2,04:38:57
2,04:38:57
1,04:39:09
1,04:39:12
1,04:39:14
1,04:39:18
1,04:39:21
1,04:39:38
1,04:40:03
1,04:40:10
1,04:40:30
1,04:40:43
1,04:40:45
1,04:40:48
1,04:40:52
1,04:40:55
1,04:40:58
1,04:41:09
1,04:41:20
1,04:41:23
1,04:41:34
1,04:41:43
1,04:41:53
1,04:42:01
1,04:42:06
1,04:42:09
1,04:42:19
1,04:42:27
1,04:42:31
1,04:42:47
1,04:42:57
1,04:43:15
1,04:43:17
1,04:43:21
1,04:43:23
1,04:43:29
1,04:43:30
1,04:43:44
2,04:43:54
2,04:43:54
1,04:44:08
1,04:44:27
1,04:44:35
1,04:44:36
1,04:44:38
1,04:44:59
1,04:45:07
1,04:45:11
1,04:45:16
1,04:45:24
1,04:45:26
2,04:45:28
2,04:45:28
1,04:45:47
1,04:45:48
1,04:46:04
1,04:46:34
1,04:46:38
1,04:46:47
1,04:46:53
1,04:46:54
1,04:46:55
1,04:47:09
1,04:47:32
1,04:47:49
1,04:48:02
1,04:48:16
1,04:48:31
1,04:48:33
1,04:48:41
1,04:48:47
1,04:49:08
1,04:49:09
1,04:49:12
1,04:49:16
1,04:49:31
1,04:49:33
1,04:49:45
1,04:49:48
1,04:49:52
1,04:50:09
1,04:50:11
1,04:50:19
1,04:50:26
1,04:50:35
1,04:50:42
1,04:50:44
1,04:50:45
2,04:50:51
2,04:50:51
1,04:50:58
1,04:51:02
1,04:51:14
1,04:51:18
1,04:51:24
1,04:51:36
1,04:51:44
1,04:51:46
1,04:51:55
1,04:52:05
1,04:52:37
1,04:52:55
1,04:53:03
1,04:53:06
1,04:53:39
1,04:53:53
1,04:53:58
1,04:54:00
1,04:54:02
1,04:54:13
1,04:54:22
1,04:55:16
1,04:55:22
1,04:55:23
1,04:55:24
1,04:55:31
1,04:55:40
1,04:55:42
1,04:55:51
1,04:55:52
1,04:56:17
1,04:56:24
2,04:56:31
2,04:56:31
2,04:56:38
2,04:56:38
1,04:56:40
1,04:56:47
1,04:56:49
1,04:56:50
1,04:56:53
1,04:56:57
1,04:57:14
1,04:57:23
1,04:57:28
1,04:57:47
1,04:57:57
1,04:57:59
1,04:58:00
1,04:58:02
1,04:58:14
1,04:58:16
1,04:58:18
1,04:58:21
1,04:58:25
1,04:58:30
1,04:58:31
1,04:58:43
1,04:58:48
1,04:58:50
1,04:59:04
1,04:59:05
1,04:59:21
1,04:59:28
1,04:59:44
1,04:59:58
1,04:59:59
1,05:00:15
1,05:00:39
2,05:00:41
2,05:00:41
1,05:00:50
1,05:00:51
1,05:01:15
1,05:01:19
1,05:01:38
1,05:01:48
1,05:02:01
1,05:02:20
1,05:02:30
1,05:02:31
1,05:02:46
1,05:02:50
1,05:02:55
1,05:03:00
1,05:03:04
1,05:03:11
1,05:03:19
1,05:03:28
1,05:03:47
1,05:03:52
1,05:04:19
1,05:04:29
1,05:04:46
1,05:04:58
1,05:05:02
1,05:05:31
1,05:05:41
1,05:05:43
1,05:05:48
1,05:05:55
1,05:06:07
1,05:06:20
1,05:06:21
1,05:07:01
1,05:07:06
1,05:07:09
1,05:07:30
1,05:07:35
1,05:07:50
1,05:07:51
1,05:08:06
1,05:08:19
1,05:08:21
1,05:08:38
1,05:08:48
1,05:09:12
1,05:09:21
1,05:09:42
1,05:09:52
1,05:09:56
1,05:09:57
1,05:10:17
1,05:10:32
1,05:10:37
1,05:10:38
1,05:10:46
1,05:11:01
1,05:11:04
1,05:11:06
1,05:11:09
1,05:12:00
1,05:12:06
1,05:12:20
1,05:12:31
1,05:12:37
1,05:12:49
1,05:12:51
1,05:13:22
1,05:13:33
1,05:13:53
1,05:13:56
1,05:14:13
1,05:14:21
1,05:14:25
1,05:14:36
1,05:14:47
1,05:14:54
1,05:15:00
1,05:15:08
1,05:15:14
1,05:15:16
1,05:15:19
1,05:15:43
1,05:15:44
1,05:15:48
2,05:15:51
2,05:15:51
1,05:15:58
1,05:16:00
1,05:16:02
1,05:16:06
1,05:16:13
1,05:16:15
1,05:16:26
1,05:16:41
1,05:17:02
1,05:17:07
1,05:17:17
1,05:17:30
2,05:17:34
2,05:17:34
1,05:17:37
1,05:17:49
1,05:17:51
1,05:17:55
1,05:17:58
1,05:18:01
1,05:18:07
1,05:18:12
1,05:18:14
1,05:18:30
1,05:18:34
1,05:18:52
1,05:19:16
1,05:19:33
1,05:19:32
1,05:19:48
1,05:19:50
1,05:19:52
1,05:19:55
1,05:20:00
1,05:20:04
1,05:20:07
1,05:20:17
1,05:20:19
1,05:20:21
1,05:20:48
1,05:20:56
1,05:21:19
1,05:21:22
1,05:21:33
1,05:21:48
1,05:21:58
1,05:22:06
1,05:22:16
1,05:22:23
1,05:22:33
1,05:22:59
1,05:23:10
1,05:23:53
1,05:23:54
2,05:23:58
2,05:23:58
1,05:24:11
1,05:24:14
1,05:24:39
1,05:24:46
1,05:24:48
1,05:25:50
1,05:26:13
1,05:26:30
1,05:26:41
1,05:26:43
1,05:27:37
1,05:27:52
1,05:28:02
1,05:28:03
1,05:28:05
1,05:28:10
1,05:28:12
1,05:28:17
1,05:28:21
1,05:28:37
1,05:28:54
1,05:28:56
1,05:29:10
1,05:29:11
1,05:29:25
1,05:29:47
2,05:30:05
2,05:30:05
1,05:30:24
1,05:30:31
1,05:30:32
1,05:30:52
1,05:30:56
1,05:30:58
1,05:31:11
1,05:31:14
1,05:31:19
1,05:31:20
1,05:31:32
1,05:31:37
1,05:31:39
2,05:31:46
2,05:31:46
1,05:31:47
1,05:31:48
1,05:31:56
1,05:31:57
2,05:32:17
1,05:32:16
2,05:32:17
1,05:32:26
1,05:32:38
1,05:32:39
1,05:32:43
1,05:32:57
1,05:33:03
1,05:33:05
1,05:33:11
2,05:33:18
2,05:33:18
1,05:33:33
1,05:33:37
2,05:33:42
2,05:33:42
1,05:33:44
1,05:33:48
1,05:33:52
1,05:33:53
1,05:33:54
1,05:33:59
1,05:34:05
1,05:34:09
1,05:34:17
2,05:34:22
2,05:34:22
1,05:34:33
2,05:34:46
2,05:34:46
1,05:34:53
1,05:35:05
2,05:35:12
2,05:35:12
1,05:35:15
1,05:35:24
1,05:35:25
2,05:35:54
2,05:35:54
1,05:35:55
1,05:35:56
1,05:35:59
1,05:36:13
1,05:36:36
1,05:36:49
3,05:36:54
3,05:36:54
3,05:36:54
1,05:36:57
1,05:37:02
1,05:37:04
3,05:37:12
3,05:37:12
3,05:37:12
1,05:37:15
1,05:37:18
1,05:37:27
1,05:37:34
1,05:37:36
1,05:37:38
1,05:37:55
1,05:38:04
1,05:38:19
1,05:38:29
1,05:38:31
1,05:38:48
1,05:38:57
1,05:38:58
1,05:38:59
1,05:39:05
1,05:39:26
1,05:39:39
1,05:39:43
1,05:39:57
1,05:40:02
1,05:40:23
1,05:40:24
1,05:40:29
1,05:40:31
1,05:40:46
1,05:40:54
1,05:40:57
1,05:41:02
1,05:41:15
1,05:41:22
1,05:41:27
1,05:41:33
1,05:41:39
2,05:41:50
2,05:41:50
1,05:42:04
1,05:42:17
1,05:42:28
1,05:42:43
1,05:42:51
1,05:42:52
1,05:42:57
1,05:42:59
1,05:43:02
1,05:43:09
1,05:43:11
1,05:43:13
1,05:43:24
1,05:43:38
1,05:44:02
1,05:44:03
1,05:44:13
1,05:44:16
1,05:44:17
3,05:44:20
3,05:44:20
3,05:44:20
1,05:44:27
1,05:44:32
1,05:44:48
1,05:44:58
1,05:45:03
1,05:45:22
1,05:45:30
1,05:45:36
1,05:45:38
1,05:45:46
1,05:46:00
1,05:46:02
1,05:46:23
1,05:46:36
1,05:46:40
1,05:46:47
1,05:46:50
1,05:47:15
1,05:47:17
1,05:47:21
1,05:47:26
1,05:47:27
1,05:47:42
1,05:47:46
1,05:47:50
1,05:47:51
1,05:48:10
1,05:48:30
1,05:48:34
1,05:48:44
1,05:48:46
1,05:48:51
1,05:49:06
1,05:49:08
1,05:49:27
1,05:49:58
3,05:50:02
3,05:50:02
3,05:50:02
1,05:50:21
1,05:50:31
1,05:50:41
1,05:51:02
1,05:51:11
1,05:51:17
1,05:51:19
1,05:51:32
1,05:51:46
1,05:51:49
1,05:52:17
1,05:52:42
1,05:52:51
1,05:53:02
1,05:53:14
1,05:53:33
1,05:53:42
1,05:53:53
1,05:54:00
1,05:54:59
1,05:55:20
1,05:55:39
1,05:56:09
1,05:56:19
1,05:56:49
2,05:56:59
2,05:56:59
2,05:57:16
2,05:57:16
1,05:57:20
1,05:57:21
1,05:57:25
1,05:57:37
1,05:58:19
1,05:58:32
1,05:58:36
1,05:58:44
1,05:58:58
1,05:59:10
1,05:59:32
1,05:59:45
1,05:59:55
1,06:00:32
1,06:00:48
1,06:01:10
1,06:01:22
1,06:02:01
1,06:02:03
1,06:02:06
1,06:02:20
1,06:02:26
2,06:02:46
2,06:02:46
1,06:02:57
1,06:03:33
1,06:03:45
1,06:03:47
1,06:03:48
1,06:03:56
1,06:04:03
1,06:04:31
1,06:04:44
1,06:04:48
1,06:04:56
1,06:05:05
1,06:05:20
1,06:05:21
1,06:05:33
1,06:05:41
1,06:05:56
1,06:06:08
1,06:06:14
1,06:06:15
1,06:06:16
1,06:06:23
1,06:06:36
1,06:06:52
1,06:07:04
1,06:07:05
1,06:07:10
1,06:07:36
1,06:08:00
1,06:08:02
1,06:08:03
1,06:08:05
1,06:08:09
1,06:08:16
2,06:08:54
2,06:08:54
1,06:09:01
1,06:09:04
1,06:09:06
1,06:09:22
1,06:09:28
1,06:09:43
1,06:09:56
1,06:10:09
1,06:10:21
1,06:10:24
1,06:10:41
1,06:11:00
2,06:11:02
2,06:11:02
1,06:11:06
1,06:11:12
2,06:11:22
2,06:11:22
1,06:11:38
1,06:11:40
1,06:11:59
1,06:12:10
1,06:12:24
1,06:12:34
1,06:12:35
1,06:13:01
1,06:13:02
1,06:13:07
1,06:13:16
1,06:13:50
1,06:13:51
1,06:14:13
1,06:14:18
1,06:14:24
1,06:14:35
1,06:14:54
1,06:15:03
1,06:15:08
1,06:15:14
1,06:15:36
1,06:15:43
1,06:15:50
1,06:15:57
1,06:15:58
1,06:16:05
1,06:16:08
1,06:16:09
1,06:16:15
1,06:16:16
1,06:16:27
2,06:16:28
2,06:16:28
1,06:16:47
1,06:17:21
1,06:17:37
2,06:17:46
2,06:17:46
1,06:17:48
1,06:17:57
1,06:18:10
1,06:18:15
1,06:18:22
2,06:18:29
2,06:18:29
1,06:18:48
1,06:19:49
1,06:20:06
1,06:20:08
1,06:20:16
1,06:20:18
1,06:20:36
1,06:20:43
1,06:20:45
1,06:20:53
1,06:21:02
1,06:21:05
1,06:21:23
1,06:21:39
1,06:22:36
1,06:22:48
1,06:22:54
1,06:22:57
1,06:23:18
1,06:23:24
1,06:23:33
1,06:23:39
1,06:23:50
1,06:24:09
1,06:24:20
1,06:24:28
1,06:24:36
1,06:25:08
2,06:25:10
2,06:25:10
1,06:25:25
2,06:25:26
2,06:25:26
1,06:25:29
1,06:25:41
1,06:25:46
1,06:25:47
1,06:25:56
1,06:25:59
2,06:26:01
2,06:26:01
1,06:26:03
1,06:26:04
1,06:26:13
1,06:26:17
1,06:26:26
1,06:26:28
1,06:26:37
1,06:26:39
1,06:26:49
2,06:26:57
2,06:26:57
1,06:27:00
1,06:27:16
1,06:27:28
1,06:27:48
2,06:27:56
2,06:27:56
1,06:28:09
1,06:28:27
1,06:28:28
1,06:28:48
1,06:29:00
1,06:29:04
1,06:29:17
1,06:29:21
1,06:29:46
1,06:30:00
1,06:30:10
1,06:30:28
1,06:30:32
1,06:30:37
1,06:30:56
1,06:31:14
1,06:32:09
1,06:32:34
1,06:32:35
1,06:32:38
1,06:32:43
1,06:32:49
1,06:33:06
1,06:33:09
1,06:33:12
1,06:33:15
1,06:33:17
1,06:33:19
1,06:33:29
1,06:33:31
1,06:33:39
1,06:33:42
1,06:33:50
1,06:33:49
1,06:33:51
1,06:34:05
1,06:34:06
1,06:34:08
1,06:34:19
1,06:34:22
1,06:34:23
1,06:34:24
1,06:34:32
2,06:34:33
2,06:34:33
1,06:34:38
1,06:34:48
1,06:34:53
1,06:34:57
2,06:34:59
2,06:34:59
2,06:35:04
2,06:35:04
1,06:35:10
1,06:35:18
1,06:35:22
1,06:35:25
1,06:35:28
1,06:35:30
1,06:35:39
1,06:35:40
1,06:35:47
1,06:35:50
1,06:35:53
1,06:35:59
1,06:36:02
1,06:36:05
1,06:36:10
2,06:36:15
1,06:36:16
2,06:36:15
1,06:36:18
1,06:36:23
1,06:36:26
1,06:36:43
1,06:36:53
1,06:37:02
1,06:37:04
2,06:37:12
2,06:37:12
1,06:37:17
1,06:37:22
1,06:37:25
1,06:37:29
1,06:37:34
2,06:37:36
2,06:37:36
1,06:37:57
1,06:37:59
1,06:38:05
1,06:38:06
1,06:38:18
1,06:38:19
2,06:38:22
2,06:38:22
1,06:38:25
1,06:38:35
1,06:38:40
1,06:38:43
1,06:38:45
1,06:38:51
1,06:39:04
1,06:39:15
1,06:39:21
2,06:39:23
2,06:39:23
1,06:39:27
1,06:39:42
1,06:39:45
2,06:39:47
2,06:39:47
1,06:39:51
1,06:39:55
1,06:39:56
1,06:40:06
1,06:40:07
1,06:40:14
1,06:40:18
1,06:40:19
1,06:40:23
1,06:40:25
1,06:40:32
1,06:40:55
1,06:40:58
1,06:41:05
1,06:41:06
1,06:41:15
1,06:41:32
1,06:41:34
1,06:41:50
1,06:42:08
1,06:42:41
1,06:42:44
1,06:42:46
1,06:42:59
1,06:43:00
1,06:43:15
1,06:43:18
1,06:43:20
1,06:43:37
1,06:43:45
1,06:43:48
1,06:43:51
1,06:43:53
1,06:44:03
1,06:44:07
1,06:44:27
1,06:44:31
1,06:44:32
1,06:44:34
1,06:44:41
1,06:45:03
1,06:45:11
1,06:45:12
1,06:45:24
1,06:45:27
1,06:45:30
1,06:45:35
1,06:45:44
1,06:45:46
1,06:45:53
1,06:46:02
2,06:46:24
2,06:46:24
1,06:46:29
1,06:46:35
1,06:46:47
1,06:47:03
1,06:47:10
1,06:47:15
1,06:47:26
1,06:47:28
1,06:47:29
1,06:47:36
1,06:47:38
1,06:47:37
1,06:47:48
2,06:47:52
2,06:47:52
1,06:47:58
1,06:48:03
1,06:48:07
1,06:48:21
1,06:48:25
1,06:48:43
1,06:48:46
1,06:49:14
1,06:49:20
2,06:49:34
2,06:49:34
1,06:49:42
1,06:49:44
1,06:49:52
1,06:50:08
1,06:50:09
1,06:50:14
1,06:50:28
1,06:50:57
1,06:50:59
1,06:51:01
1,06:51:49
1,06:52:02
1,06:52:21
1,06:52:32
1,06:52:44
1,06:53:00
1,06:53:35
1,06:53:40
2,06:53:47
2,06:53:47
1,06:53:52
2,06:53:56
2,06:53:56
2,06:53:58
2,06:53:58
1,06:54:00
1,06:54:04
1,06:54:10
1,06:54:15
1,06:54:18
1,06:54:26
1,06:54:31
1,06:54:39
1,06:54:41
1,06:54:47
1,06:54:48
1,06:54:53
1,06:54:54
1,06:54:56
1,06:55:11
1,06:55:14
1,06:55:32
1,06:55:45
1,06:55:53
1,06:56:17
1,06:56:33
1,06:56:43
1,06:56:45
1,06:56:57
1,06:57:02
1,06:57:05
1,06:57:14
1,06:57:42
1,06:57:43
1,06:57:57
1,06:57:59
1,06:58:03
1,06:58:05
1,06:58:20
1,06:58:21
1,06:58:26
1,06:58:30
1,06:58:35
1,06:58:40
1,06:58:53
1,06:59:07
1,06:59:10
1,06:59:20
1,06:59:30
1,06:59:58
1,07:00:01
1,07:00:03
1,07:00:08
1,07:00:10
2,07:00:20
2,07:00:20
1,07:00:32
1,07:00:35
1,07:00:47
1,07:00:49
1,07:01:06
1,07:01:24
1,07:01:27
1,07:01:28
1,07:01:33
1,07:01:42
1,07:01:50
1,07:01:55
1,07:01:58
1,07:02:05
1,07:02:10
1,07:02:13
1,07:02:14
1,07:02:22
1,07:02:31
1,07:02:33
1,07:02:38
1,07:02:45
1,07:02:46
1,07:02:50
1,07:03:02
1,07:03:10
1,07:03:14
2,07:03:28
2,07:03:28
1,07:03:34
1,07:03:45
1,07:04:07
1,07:04:16
2,07:04:18
2,07:04:18
1,07:04:21
1,07:04:22
2,07:04:23
2,07:04:23
1,07:04:29
1,07:04:35
1,07:04:41
1,07:04:45
1,07:05:07
1,07:05:12
1,07:05:15
1,07:05:42
1,07:05:49
1,07:06:00
1,07:06:01
1,07:06:24
1,07:06:28
1,07:06:58
1,07:07:01
4,07:07:15
4,07:07:15
4,07:07:15
4,07:07:15
2,07:07:16
2,07:07:16
2,07:07:17
2,07:07:17
2,07:07:18
2,07:07:18
2,07:07:19
2,07:07:19
2,07:07:20
2,07:07:20
2,07:07:21
2,07:07:21
3,07:07:22
3,07:07:22
3,07:07:22
2,07:07:23
2,07:07:23
1,07:07:25
1,07:07:26
1,07:07:29
1,07:07:53
1,07:08:02
1,07:08:03
1,07:08:06
1,07:08:09
1,07:08:14
1,07:08:15
1,07:08:19
1,07:08:20
1,07:08:40
1,07:08:42
1,07:08:51
1,07:09:00
1,07:09:09
1,07:09:20
1,07:09:37
1,07:09:56
1,07:10:01
1,07:10:09
1,07:10:15
1,07:10:18
1,07:10:19
1,07:10:23
1,07:10:25
2,07:10:35
2,07:10:35
1,07:10:42
1,07:10:50
1,07:10:51
1,07:10:52
1,07:10:55
2,07:10:58
2,07:10:58
1,07:10:59
1,07:11:02
1,07:11:05
1,07:11:11
1,07:11:13
1,07:11:15
1,07:11:27
1,07:11:29
2,07:11:36
2,07:11:36
1,07:11:39
1,07:11:41
1,07:11:44
1,07:11:47
1,07:11:53
1,07:12:02
1,07:12:16
1,07:12:22
1,07:12:24
1,07:12:25
1,07:12:26
1,07:12:30
1,07:12:31
1,07:12:33
1,07:12:53
1,07:12:54
1,07:12:55
1,07:12:57
1,07:13:10
1,07:13:11
2,07:13:15
2,07:13:15
1,07:13:25
1,07:13:40
1,07:13:42
1,07:13:51
1,07:13:58
1,07:14:25
1,07:14:26
2,07:14:27
2,07:14:27
2,07:14:28
2,07:14:28
2,07:14:29
2,07:14:29
2,07:14:30
2,07:14:30
3,07:14:31
3,07:14:31
3,07:14:31
1,07:14:32
3,07:14:33
3,07:14:33
3,07:14:33
2,07:14:34
2,07:14:34
2,07:14:35
2,07:14:35
1,07:14:39
1,07:14:40
1,07:14:46
1,07:14:49
1,07:14:52
2,07:15:00
2,07:15:00
1,07:15:03
1,07:15:04
1,07:15:08
3,07:15:09
3,07:15:09
3,07:15:09
1,07:15:14
1,07:15:16
1,07:15:18
1,07:15:22
1,07:15:26
1,07:15:45
1,07:15:51
1,07:15:57
1,07:16:03
1,07:16:28
1,07:16:42
1,07:16:54
1,07:16:59
1,07:17:03
1,07:17:27
1,07:17:45
1,07:17:52
1,07:18:00
1,07:18:05
1,07:18:13
1,07:18:14
1,07:18:16
1,07:18:19
1,07:18:20
1,07:18:24
1,07:18:27
1,07:18:29
1,07:18:30
1,07:18:34
1,07:18:37
1,07:18:39
1,07:18:43
1,07:18:45
2,07:18:48
2,07:18:48
2,07:18:52
2,07:18:52
2,07:18:55
2,07:18:55
1,07:19:18
1,07:19:27
1,07:19:29
1,07:19:37
1,07:19:38
1,07:19:39
1,07:19:42
1,07:19:44
1,07:19:47
2,07:19:54
2,07:19:54
1,07:19:57
1,07:19:59
1,07:20:07
1,07:20:16
1,07:20:18
1,07:20:17
1,07:20:20
1,07:20:44
1,07:21:06
1,07:21:24
1,07:22:05
1,07:22:28
1,07:22:36
1,07:22:43
1,07:22:45
1,07:22:53
1,07:22:58
1,07:23:26
1,07:23:29
1,07:23:53
1,07:24:08
1,07:24:09
1,07:24:19
1,07:24:22
1,07:24:53
1,07:24:57
1,07:25:17
1,07:25:29
1,07:25:30
1,07:25:31
1,07:25:37
1,07:25:40
1,07:25:47
1,07:25:50
1,07:25:53
1,07:26:02
1,07:26:05
1,07:26:08
1,07:26:09
1,07:26:12
1,07:26:13
1,07:26:20
1,07:26:24
1,07:26:25
1,07:26:34
1,07:26:47
1,07:26:57
1,07:27:04
1,07:27:09
1,07:27:12
1,07:27:25
1,07:27:30
1,07:27:36
1,07:27:38
1,07:28:01
1,07:28:03
1,07:28:05
1,07:28:11
1,07:28:18
1,07:28:35
1,07:28:40
1,07:28:45
1,07:28:46
1,07:28:57
1,07:29:12
1,07:29:44
1,07:30:10
1,07:30:14
1,07:30:26
1,07:30:47
2,07:30:53
2,07:30:53
1,07:30:57
1,07:30:59
1,07:31:00
1,07:31:04
1,07:31:09
1,07:31:11
1,07:31:15
1,07:31:16
1,07:31:18
1,07:31:20
1,07:31:28
1,07:31:37
1,07:31:50
1,07:31:52
1,07:31:53
1,07:31:54
1,07:32:23
1,07:32:34
1,07:32:45
1,07:32:53
1,07:33:01
1,07:33:06
1,07:33:18
1,07:33:34
1,07:33:39
2,07:34:06
2,07:34:06
1,07:34:16
2,07:34:24
2,07:34:24
1,07:34:35
1,07:34:41
1,07:34:56
1,07:35:05
2,07:35:11
2,07:35:11
1,07:35:19
1,07:35:20
1,07:35:38
1,07:35:41
1,07:35:49
1,07:35:52
1,07:35:58
1,07:36:02
1,07:36:20
1,07:36:27
1,07:36:28
1,07:36:49
2,07:37:14
2,07:37:14
1,07:37:41
1,07:38:05
1,07:38:12
1,07:38:26
1,07:38:29
1,07:39:45
1,07:39:46
1,07:40:01
1,07:40:22
1,07:40:42
2,07:41:35
2,07:41:35
1,07:41:40
1,07:41:41
1,07:42:19
1,07:42:35
1,07:42:36
1,07:42:45
1,07:42:54
1,07:43:01
1,07:43:07
1,07:43:46
1,07:44:01
1,07:44:13
1,07:44:23
1,07:44:34
1,07:44:41
1,07:44:47
1,07:45:33
1,07:45:36
1,07:45:45
1,07:45:55
1,07:45:59
1,07:46:22
1,07:46:25
1,07:46:48
1,07:46:54
1,07:46:59
1,07:47:03
1,07:47:14
1,07:47:23
1,07:47:24
1,07:47:49
1,07:47:59
1,07:48:03
1,07:48:05
1,07:48:18
1,07:48:22
1,07:48:23
1,07:48:24
1,07:48:37
1,07:48:44
1,07:48:50
1,07:48:54
1,07:49:06
1,07:49:16
1,07:49:42
1,07:49:43
1,07:49:44
1,07:49:54
1,07:50:01
1,07:50:11
1,07:50:43
1,07:50:57
1,07:51:24
1,07:51:59
1,07:52:40
1,07:52:48
1,07:52:51
1,07:52:52
1,07:52:56
1,07:53:16
1,07:53:18
1,07:53:19
1,07:53:35
1,07:53:37
1,07:53:39
3,07:53:49
3,07:53:49
3,07:53:49
1,07:53:52
1,07:53:57
1,07:54:05
1,07:54:13
1,07:54:41
1,07:54:45
1,07:54:47
1,07:55:01
1,07:55:10
1,07:55:15
1,07:55:26
1,07:55:27
1,07:55:32
1,07:55:40
1,07:55:44
1,07:55:59
1,07:56:00
1,07:56:08
1,07:56:30
1,07:56:53
1,07:57:21
1,07:57:27
1,07:57:44
2,07:58:02
2,07:58:02
1,07:58:05
1,07:58:26
1,07:58:27
1,07:58:41
1,07:58:44
1,07:58:46
1,07:58:51
1,07:59:14
1,07:59:21
1,07:59:27
1,07:59:30
1,07:59:44
1,07:59:45
1,07:59:46
1,07:59:56
1,08:00:05
1,08:00:10
1,08:00:13
1,08:00:28
2,08:00:51
2,08:00:51
1,08:00:59
1,08:01:41
1,08:02:07
1,08:02:25
1,08:02:26
1,08:02:28
1,08:02:29
1,08:02:56
2,08:03:11
2,08:03:11
1,08:03:21
1,08:03:40
1,08:03:47
2,08:03:48
2,08:03:48
1,08:03:53
1,08:04:17
1,08:04:19
1,08:04:22
1,08:04:24
1,08:04:29
1,08:04:32
1,08:04:42
1,08:04:51
1,08:04:52
1,08:04:54
1,08:04:57
1,08:05:05
1,08:05:18
1,08:05:21
1,08:05:23
1,08:05:28
1,08:05:33
1,08:05:34
1,08:06:05
1,08:06:11
1,08:06:12
3,08:06:18
3,08:06:18
3,08:06:18
1,08:06:31
1,08:06:35
1,08:06:54
1,08:07:10
1,08:07:12
1,08:07:19
1,08:07:20
1,08:07:38
1,08:07:57
1,08:08:03
1,08:08:02
1,08:08:28
1,08:08:36
1,08:08:38
1,08:08:42
1,08:08:46
1,08:08:48
1,08:09:00
1,08:09:06
1,08:09:11
1,08:09:18
1,08:09:28
2,08:09:34
2,08:09:34
1,08:09:41
1,08:09:44
1,08:09:52
1,08:09:57
2,08:10:05
2,08:10:05
1,08:10:17
1,08:10:18
1,08:10:22
1,08:10:25
1,08:10:37
1,08:10:39
1,08:10:41
1,08:10:47
1,08:11:05
1,08:11:06
1,08:11:18
1,08:11:19
1,08:11:24
1,08:11:42
1,08:11:45
1,08:11:47
1,08:11:54
1,08:11:57
1,08:11:58
1,08:12:10
1,08:12:35
1,08:12:38
1,08:12:45
1,08:13:15
1,08:13:22
1,08:13:27
2,08:13:35
2,08:13:35
1,08:13:38
1,08:13:43
1,08:13:55
1,08:14:01
1,08:14:18
1,08:14:19
1,08:14:31
1,08:14:34
1,08:14:48
1,08:14:54
1,08:15:02
2,08:15:05
2,08:15:05
1,08:15:08
1,08:15:16
2,08:15:18
2,08:15:18
1,08:15:22
1,08:15:29
1,08:15:33
1,08:15:37
1,08:15:40
1,08:15:46
1,08:15:56
1,08:16:01
1,08:16:17
2,08:16:24
2,08:16:24
1,08:16:30
1,08:16:48
1,08:17:00
1,08:17:17
1,08:17:25
1,08:17:29
1,08:17:38
1,08:17:53
1,08:18:00
1,08:18:03
1,08:18:04
1,08:18:10
1,08:18:18
1,08:18:19
1,08:18:25
1,08:18:33
1,08:18:43
1,08:19:18
1,08:19:24
1,08:19:31
1,08:19:49
1,08:19:51
1,08:20:08
1,08:20:09
1,08:20:10
1,08:20:11
1,08:20:19
1,08:20:28
1,08:20:32
1,08:20:45
1,08:20:57
1,08:21:15
1,08:21:38
1,08:21:45
1,08:22:06
1,08:22:11
1,08:22:12
1,08:22:17
1,08:22:18
1,08:22:22
1,08:22:32
1,08:22:35
1,08:23:27
1,08:23:34
1,08:23:45
1,08:23:52
1,08:23:57
1,08:24:22
1,08:24:28
1,08:24:43
1,08:24:45
1,08:24:46
1,08:24:51
1,08:24:54
1,08:24:56
1,08:25:00
1,08:25:04
1,08:25:47
1,08:25:53
1,08:25:57
1,08:25:59
1,08:26:10
1,08:26:11
1,08:26:38
1,08:26:44
1,08:26:45
1,08:26:49
1,08:26:50
1,08:27:22
1,08:27:26
1,08:28:19
1,08:28:42
1,08:28:51
1,08:29:15
1,08:29:16
1,08:29:27
1,08:29:54
1,08:29:56
2,08:30:00
2,08:30:00
1,08:30:04
1,08:30:06
1,08:30:11
1,08:30:12
1,08:30:16
1,08:30:17
1,08:30:25
1,08:30:27
2,08:30:28
2,08:30:28
1,08:30:31
2,08:30:43
2,08:30:43
1,08:30:53
1,08:30:57
2,08:31:00
2,08:31:00
2,08:31:02
2,08:31:02
1,08:31:04
1,08:31:05
2,08:31:14
2,08:31:14
1,08:31:23
1,08:31:25
1,08:31:30
1,08:31:39
1,08:31:49
1,08:31:50
1,08:31:57
1,08:31:59
1,08:32:02
1,08:32:03
1,08:32:12
1,08:32:18
1,08:32:27
1,08:32:31
2,08:32:35
2,08:32:35
1,08:32:36
1,08:32:39
1,08:32:45
1,08:32:52
1,08:32:54
1,08:33:19
1,08:33:26
1,08:33:43
1,08:33:55
1,08:34:06
1,08:34:09
1,08:34:17
1,08:34:44
1,08:34:51
1,08:34:59
1,08:35:01
1,08:35:03
1,08:35:10
1,08:35:11
1,08:35:24
1,08:35:36
1,08:35:40
1,08:35:46
1,08:35:48
1,08:36:00
1,08:36:01
1,08:36:07
1,08:36:12
1,08:36:28
1,08:36:29
1,08:36:48
1,08:36:50
1,08:36:51
1,08:37:01
1,08:37:18
1,08:37:29
1,08:37:36
1,08:37:38
1,08:37:40
1,08:37:44
1,08:37:45
1,08:37:47
1,08:37:48
1,08:38:12
1,08:38:13
1,08:38:17
1,08:38:28
1,08:38:47
1,08:38:51
1,08:39:00
1,08:39:03
1,08:39:12
1,08:39:28
1,08:39:32
1,08:39:41
1,08:39:42
1,08:39:45
1,08:39:48
1,08:39:49
1,08:39:51
1,08:39:55
3,08:39:57
3,08:39:57
3,08:39:57
1,08:40:00
1,08:40:01
1,08:40:04
1,08:40:11
1,08:40:15
1,08:40:32
1,08:40:38
1,08:40:44
1,08:40:46
1,08:40:47
1,08:41:04
1,08:41:07
1,08:41:08
1,08:41:09
1,08:41:10
1,08:41:12
1,08:41:14
2,08:41:15
2,08:41:15
1,08:41:23
2,08:41:25
2,08:41:25
1,08:41:26
1,08:41:29
1,08:41:38
1,08:41:44
1,08:41:46
1,08:41:52
1,08:41:56
1,08:42:03
1,08:42:05
1,08:42:08
1,08:42:11
1,08:42:13
1,08:42:14
1,08:42:16
1,08:42:19
1,08:42:21
1,08:42:25
1,08:42:27
1,08:42:28
1,08:42:30
1,08:42:31
1,08:42:34
1,08:42:39
2,08:42:42
2,08:42:42
1,08:42:45
1,08:42:46
1,08:42:47
2,08:42:50
2,08:42:50
1,08:42:58
1,08:43:07
1,08:43:17
1,08:43:24
1,08:43:25
1,08:43:26
1,08:43:28
1,08:43:29
1,08:43:30
3,08:43:32
3,08:43:32
3,08:43:32
1,08:43:35
2,08:43:47
2,08:43:47
1,08:43:51
1,08:43:52
1,08:43:55
1,08:43:59
1,08:44:00
1,08:44:02
1,08:44:05
1,08:44:07
2,08:44:18
2,08:44:18
1,08:44:28
1,08:44:32
1,08:44:34
1,08:44:39
1,08:44:44
1,08:44:57
1,08:45:07
1,08:45:08
1,08:45:13
1,08:45:33
1,08:45:47
1,08:45:46
1,08:45:55
1,08:45:57
1,08:46:02
1,08:46:08
2,08:46:18
2,08:46:18
1,08:46:29
1,08:46:36
1,08:46:39
1,08:46:47
1,08:47:13
1,08:47:15
1,08:47:17
1,08:47:28
1,08:47:35
1,08:47:39
1,08:47:49
1,08:47:54
1,08:48:01
1,08:48:11
1,08:48:25
1,08:48:26
1,08:48:42
1,08:48:51
1,08:49:00
1,08:49:10
1,08:49:13
1,08:49:16
1,08:49:33
1,08:49:39
1,08:49:42
1,08:49:52
1,08:50:22
1,08:50:23
2,08:50:24
2,08:50:24
1,08:50:25
1,08:50:30
1,08:50:35
1,08:50:38
1,08:50:46
1,08:50:49
1,08:50:57
1,08:50:59
1,08:51:09
1,08:51:13
1,08:51:29
1,08:51:33
1,08:51:49
1,08:52:03
1,08:52:08
1,08:52:10
1,08:52:19
1,08:53:32
1,08:53:33
1,08:53:43
1,08:53:47
1,08:54:08
1,08:54:22
1,08:54:24
1,08:54:33
1,08:54:34
1,08:54:36
1,08:54:52
2,08:55:00
2,08:55:00
1,08:55:06
1,08:55:07
1,08:55:09
1,08:55:19
1,08:55:22
1,08:55:28
1,08:55:31
1,08:55:36
1,08:55:39
1,08:55:44
1,08:55:52
1,08:55:55
1,08:56:10
1,08:56:13
1,08:56:19
1,08:56:30
1,08:56:32
2,08:56:39
2,08:56:39
1,08:56:42
1,08:56:48
1,08:56:50
1,08:56:57
1,08:57:17
1,08:57:20
1,08:57:23
1,08:57:25
1,08:57:28
2,08:57:58
2,08:57:58
1,08:58:04
1,08:58:06
2,08:58:17
2,08:58:17
1,08:58:19
1,08:58:23
1,08:58:25
1,08:58:37
1,08:58:42
1,08:58:50
1,08:58:55
1,08:59:12
1,08:59:19
1,08:59:36
1,08:59:40
1,08:59:47
1,08:59:48
1,08:59:49
1,08:59:56
1,09:00:02
1,09:00:12
1,09:00:23
1,09:00:27
1,09:00:32
1,09:00:44
2,09:01:02
2,09:01:02
1,09:01:04
1,09:01:11
1,09:01:14
1,09:01:25
1,09:01:31
1,09:01:37
1,09:01:51
1,09:02:03
1,09:02:13
1,09:02:16
1,09:02:28
1,09:02:30
1,09:02:36
1,09:02:37
1,09:02:43
1,09:03:06
1,09:03:07
1,09:03:19
1,09:03:25
1,09:03:36
1,09:03:37
1,09:03:50
1,09:04:02
1,09:04:10
1,09:04:26
1,09:04:27
2,09:04:39
2,09:04:39
1,09:04:59
3,09:05:22
3,09:05:22
3,09:05:22
1,09:05:29
1,09:05:34
2,09:05:43
2,09:05:43
1,09:05:58
1,09:06:00
1,09:06:04
1,09:06:29
1,09:06:45
1,09:07:03
1,09:07:10
1,09:07:15
1,09:07:27
1,09:07:30
1,09:07:40
1,09:07:41
1,09:08:00
1,09:08:02
1,09:08:03
1,09:08:18
1,09:08:24
1,09:08:33
1,09:08:36
1,09:09:05
1,09:09:16
1,09:10:08
1,09:10:24
1,09:10:32
1,09:10:35
1,09:10:48
1,09:11:17
1,09:11:44
1,09:12:06
1,09:12:16
1,09:12:29
1,09:12:38
1,09:12:46
1,09:12:52
1,09:12:57
1,09:12:59
1,09:13:08
1,09:13:32
1,09:13:55
1,09:13:58
2,09:14:03
2,09:14:03
1,09:14:08
1,09:14:11
1,09:14:24
1,09:14:29
1,09:14:34
1,09:14:40
1,09:14:41
1,09:14:46
1,09:14:51
1,09:14:52
1,09:14:53
1,09:14:55
1,09:14:58
1,09:15:03
1,09:15:04
1,09:15:05
1,09:15:08
1,09:15:12
1,09:15:13
1,09:15:14
1,09:15:21
1,09:15:42
1,09:15:45
1,09:15:56
1,09:16:03
1,09:16:11
1,09:16:39
1,09:17:01
1,09:17:21
1,09:17:27
1,09:17:30
1,09:17:31
1,09:17:39
1,09:17:41
1,09:17:43
1,09:17:46
1,09:17:55
1,09:17:58
1,09:18:03
1,09:18:05
1,09:18:30
2,09:18:34
2,09:18:34
1,09:18:44
1,09:18:59
1,09:19:09
1,09:19:31
1,09:19:36
1,09:19:37
1,09:19:43
1,09:19:49
1,09:19:51
1,09:19:55
1,09:20:01
1,09:20:04
2,09:20:08
2,09:20:08
1,09:20:16
1,09:20:23
1,09:20:29
1,09:20:37
1,09:20:45
1,09:20:46
1,09:20:54
1,09:20:56
1,09:20:57
1,09:20:59
2,09:21:08
2,09:21:08
1,09:21:13
1,09:21:14
1,09:21:16
1,09:21:19
1,09:21:21
1,09:21:25
1,09:21:34
1,09:21:36
1,09:21:37
1,09:21:49
1,09:21:56
1,09:22:10
1,09:22:26
1,09:22:37
1,09:22:38
1,09:23:02
1,09:23:05
1,09:23:13
1,09:23:14
1,09:23:17
1,09:23:26
1,09:23:29
1,09:23:35
1,09:23:38
1,09:23:59
1,09:24:08
1,09:24:19
1,09:24:42
1,09:24:43
1,09:24:45
1,09:25:05
1,09:25:12
1,09:25:22
1,09:25:27
1,09:25:30
1,09:25:36
1,09:25:39
1,09:26:05
1,09:27:18
1,09:27:34
1,09:27:36
1,09:27:40
1,09:27:53
1,09:27:59
1,09:28:04
1,09:28:14
1,09:29:26
1,09:29:47
1,09:29:49
1,09:30:00
1,09:30:09
1,09:30:26
1,09:30:38
1,09:30:46
1,09:30:49
1,09:30:52
2,09:30:59
2,09:30:59
1,09:31:06
1,09:31:24
1,09:31:34
1,09:31:38
1,09:31:53
1,09:32:02
1,09:32:39
1,09:33:27
1,09:34:05
1,09:34:08
1,09:36:31
1,09:36:32
1,09:36:43
1,09:36:56
1,09:37:09
1,09:37:14
1,09:37:18
1,09:37:35
1,09:37:41
2,09:37:52
2,09:37:52
1,09:38:01
1,09:38:07
1,09:38:08
1,09:38:12
1,09:38:13
1,09:38:16
1,09:38:22
1,09:38:34
1,09:38:43
1,09:39:16
1,09:39:18
1,09:39:20
1,09:39:32
1,09:39:35
1,09:39:46
1,09:40:17
1,09:40:29
1,09:40:43
1,09:41:11
1,09:41:12
1,09:41:13
1,09:41:22
1,09:41:29
1,09:41:46
1,09:41:50
1,09:41:59
1,09:42:10
1,09:42:24
1,09:42:41
1,09:42:43
1,09:42:44
1,09:42:56
1,09:43:07
1,09:43:09
1,09:43:10
1,09:43:12
1,09:43:15
1,09:43:19
1,09:43:20
1,09:43:23
1,09:43:24
1,09:43:41
1,09:43:51
1,09:44:16
1,09:44:33
1,09:44:39
1,09:45:01
1,09:45:07
1,09:45:09
1,09:45:12
1,09:45:13
1,09:45:14
1,09:45:18
1,09:45:29
2,09:45:33
2,09:45:33
1,09:45:59
1,09:46:58
1,09:47:04
1,09:47:21
1,09:47:27
1,09:47:47
1,09:47:53
1,09:48:00
1,09:48:01
1,09:48:05
1,09:48:09
1,09:48:17
1,09:48:36
1,09:48:57
1,09:48:59
1,09:49:04
1,09:49:55
1,09:50:47
1,09:50:49
1,09:51:06
2,09:51:18
2,09:51:18
1,09:52:02
1,09:52:17
1,09:52:27
1,09:52:39
1,09:52:44
1,09:52:59
1,09:53:01
1,09:53:06
1,09:53:39
1,09:53:48
1,09:53:53
1,09:53:57
1,09:55:00
1,09:55:31
1,09:55:37
1,09:55:54
1,09:55:55
1,09:56:00
1,09:56:16
1,09:56:17
1,09:56:25
1,09:56:30
1,09:56:38
1,09:56:47
1,09:57:03
1,09:57:13
1,09:57:18
1,09:57:25
1,09:57:30
1,09:57:41
1,09:57:43
1,09:58:04
1,09:58:06
1,09:58:08
1,09:58:17
1,09:58:21
1,09:58:33
1,09:58:42
1,09:58:47
1,09:58:53
1,09:59:03
1,09:59:19
1,09:59:22
1,09:59:36
1,09:59:55
1,10:00:04
1,10:00:13
1,10:00:14
1,10:00:17
1,10:00:29
2,10:00:32
2,10:00:32
1,10:00:41
1,10:00:51
1,10:00:57
1,10:01:00
1,10:01:17
1,10:01:19
1,10:01:24
1,10:01:32
1,10:01:46
1,10:01:51
1,10:02:02
1,10:02:14
1,10:02:15
1,10:02:20
1,10:02:30
1,10:02:41
1,10:02:51
1,10:03:06
1,10:03:07
1,10:03:08
2,10:03:29
2,10:03:29
1,10:03:30
1,10:03:32
1,10:03:51
1,10:04:01
1,10:04:03
1,10:04:14
1,10:04:25
1,10:04:33
1,10:04:50
1,10:04:52
1,10:05:00
1,10:05:11
1,10:05:19
1,10:05:22
1,10:05:23
1,10:05:40
1,10:05:49
1,10:05:58
1,10:05:59
1,10:06:05
1,10:06:31
1,10:06:33
1,10:07:00
1,10:07:04
1,10:07:07
1,10:07:11
1,10:07:17
2,10:07:19
2,10:07:19
1,10:07:22
1,10:07:27
1,10:07:36
1,10:07:40
1,10:07:47
1,10:08:02
1,10:08:08
1,10:08:28
1,10:08:39
1,10:08:42
1,10:08:44
2,10:08:47
2,10:08:47
1,10:08:55
1,10:09:22
1,10:09:23
1,10:09:28
1,10:09:32
1,10:09:34
1,10:09:40
1,10:09:48
1,10:09:58
1,10:10:03
1,10:10:04
1,10:10:08
1,10:10:11
1,10:10:14
1,10:10:34
1,10:10:41
1,10:10:49
1,10:10:50
1,10:10:54
1,10:11:00
1,10:11:03
1,10:11:08
1,10:11:16
1,10:11:19
2,10:11:25
2,10:11:25
1,10:11:28
3,10:11:29
3,10:11:29
3,10:11:29
1,10:11:35
2,10:11:41
2,10:11:41
1,10:11:48
1,10:11:51
1,10:11:56
1,10:11:59
2,10:12:04
2,10:12:04
1,10:12:08
1,10:12:13
1,10:12:15
1,10:12:17
1,10:12:19
1,10:12:20
1,10:12:23
1,10:12:32
1,10:12:39
1,10:12:41
1,10:12:44
1,10:12:49
1,10:12:54
1,10:12:58
1,10:13:04
1,10:13:12
1,10:13:24
1,10:13:28
1,10:13:35
1,10:13:40
1,10:13:42
1,10:13:50
1,10:13:55
1,10:14:13
1,10:14:16
1,10:14:17
1,10:14:23
1,10:14:24
1,10:14:42
1,10:14:58
3,10:15:00
3,10:15:00
3,10:15:00
2,10:15:02
2,10:15:02
1,10:15:14
1,10:15:16
1,10:15:23
1,10:15:25
1,10:15:44
1,10:15:54
2,10:16:02
2,10:16:02
1,10:16:09
1,10:16:18
1,10:16:41
1,10:16:59
1,10:17:01
1,10:17:21
1,10:17:30
1,10:17:32
1,10:17:52
1,10:18:04
1,10:18:11
1,10:18:17
1,10:18:18
1,10:18:29
1,10:18:44
1,10:19:03
1,10:19:36
1,10:19:47
1,10:19:54
1,10:19:55
1,10:20:11
1,10:20:38
1,10:20:54
1,10:21:16
1,10:21:18
1,10:21:25
1,10:21:29
1,10:21:33
1,10:21:36
1,10:21:41
1,10:21:57
1,10:22:15
1,10:22:25
1,10:22:35
2,10:22:53
2,10:22:53
1,10:22:56
1,10:23:10
1,10:23:21
1,10:23:22
1,10:23:24
1,10:23:28
2,10:23:49
2,10:23:49
1,10:24:03
1,10:25:07
1,10:25:23
1,10:25:26
1,10:25:28
1,10:25:36
1,10:25:53
1,10:25:54
1,10:26:02
1,10:26:10
1,10:26:19
1,10:26:33
2,10:26:37
2,10:26:37
1,10:26:46
1,10:26:49
1,10:26:51
1,10:26:52
1,10:27:00
1,10:27:08
1,10:27:19
1,10:27:39
2,10:27:42
2,10:27:42
1,10:28:01
1,10:28:05
1,10:28:34
1,10:28:45
1,10:28:55
1,10:29:10
2,10:29:27
2,10:29:27
1,10:29:33
1,10:29:59
1,10:30:01
1,10:30:04
1,10:30:05
1,10:30:30
1,10:31:03
1,10:31:32
1,10:31:52
1,10:32:04
1,10:32:07
1,10:32:14
1,10:32:26
1,10:32:40
1,10:32:44
1,10:32:55
1,10:33:11
1,10:33:21
1,10:33:28
1,10:33:32
1,10:34:05
1,10:34:48
1,10:35:18
1,10:35:40
1,10:35:54
1,10:36:06
1,10:36:08
2,10:36:31
2,10:36:31
1,10:36:59
1,10:37:01
1,10:37:04
1,10:37:31
1,10:37:42
2,10:37:44
2,10:37:44
1,10:38:09
1,10:38:11
1,10:38:22
1,10:38:30
1,10:38:45
1,10:38:52
1,10:38:59
1,10:39:02
1,10:39:21
1,10:39:23
1,10:39:37
1,10:39:53
1,10:40:26
1,10:41:02
1,10:41:14
1,10:41:22
1,10:41:25
1,10:41:30
1,10:41:49
2,10:42:06
2,10:42:06
1,10:42:09
1,10:42:18
1,10:42:20
1,10:42:22
1,10:42:26
1,10:42:34
1,10:43:01
1,10:43:03
1,10:43:08
1,10:43:10
1,10:43:15
1,10:43:16
1,10:43:20
1,10:43:24
1,10:43:33
1,10:43:52
1,10:43:58
1,10:44:10
1,10:44:20
1,10:44:29
1,10:45:03
1,10:45:16
1,10:45:23
1,10:45:27
1,10:45:42
1,10:45:44
1,10:45:45
1,10:45:46
1,10:45:50
1,10:45:51
1,10:45:53
1,10:45:54
1,10:46:11
1,10:46:27
1,10:46:40
1,10:46:42
1,10:46:43
1,10:46:51
1,10:46:54
1,10:47:02
1,10:47:06
1,10:47:23
1,10:47:35
1,10:48:05
1,10:48:34
1,10:48:47
1,10:48:52
1,10:48:56
1,10:48:58
1,10:49:02
1,10:50:02
1,10:50:19
1,10:50:20
1,10:50:27
1,10:50:45
1,10:50:49
1,10:50:54
1,10:50:56
1,10:51:19
1,10:51:32
1,10:51:35
1,10:51:57
1,10:52:14
1,10:52:18
1,10:52:26
1,10:52:33
1,10:52:37
1,10:52:47
1,10:52:49
1,10:52:50
1,10:52:53
1,10:53:15
1,10:53:18
1,10:53:20
1,10:53:21
1,10:53:26
2,10:53:32
2,10:53:32
1,10:53:46
1,10:53:47
1,10:54:08
1,10:54:11
1,10:54:12
1,10:54:18
1,10:54:20
1,10:54:23
1,10:54:25
1,10:54:27
1,10:54:38
3,10:54:41
3,10:54:41
3,10:54:41
1,10:54:44
1,10:54:47
1,10:54:49
1,10:55:14
1,10:55:22
1,10:55:25
1,10:55:30
1,10:55:45
1,10:55:51
1,10:55:58
1,10:56:15
1,10:56:28
1,10:56:35
1,10:56:36
1,10:56:43
1,10:56:58
1,10:57:06
1,10:57:21
1,10:57:25
2,10:57:34
2,10:57:34
1,10:57:42
1,10:57:51
1,10:57:56
1,10:58:25
1,10:58:30
1,10:58:33
1,10:58:51
1,10:59:15
1,10:59:20
1,10:59:38
1,10:59:56
1,10:59:58
1,11:00:01
1,11:00:09
1,11:00:36
1,11:00:37
1,11:00:38
1,11:00:39
1,11:00:57
1,11:01:10
2,11:01:30
2,11:01:30
1,11:01:33
1,11:02:04
1,11:02:08
1,11:02:12
1,11:02:19
2,11:02:29
2,11:02:29
1,11:02:34
1,11:02:40
1,11:02:50
1,11:02:58
2,11:03:04
2,11:03:04
1,11:03:20
1,11:03:24
1,11:03:26
1,11:03:28
1,11:03:36
1,11:03:42
2,11:03:43
2,11:03:43
1,11:03:49
1,11:04:15
1,11:04:34
1,11:04:43
1,11:04:52
1,11:04:57
1,11:05:09
2,11:05:11
2,11:05:11
1,11:05:12
1,11:05:28
1,11:05:43
1,11:05:44
1,11:05:47
1,11:05:57
1,11:06:00
1,11:06:03
1,11:06:13
1,11:06:14
1,11:06:17
1,11:06:26
1,11:06:34
1,11:06:46
1,11:06:47
1,11:06:49
1,11:06:53
1,11:07:04
1,11:07:12
1,11:07:32
1,11:07:34
1,11:07:38
1,11:07:51
1,11:07:56
1,11:07:58
1,11:08:00
1,11:08:10
1,11:08:13
1,11:08:22
1,11:08:25
1,11:08:43
1,11:08:49
1,11:08:53
1,11:09:09
1,11:09:16
1,11:09:31
1,11:09:38
1,11:09:46
1,11:10:00
1,11:10:06
1,11:10:10
1,11:10:28
1,11:10:36
1,11:10:43
1,11:11:09
2,11:11:31
2,11:11:31
1,11:11:35
1,11:11:36
1,11:11:43
1,11:12:20
1,11:12:22
1,11:12:29
1,11:12:54
2,11:13:17
2,11:13:17
1,11:13:36
1,11:13:39
1,11:13:58
1,11:14:08
1,11:14:15
1,11:14:22
1,11:14:27
1,11:14:31
1,11:14:35
1,11:14:47
1,11:15:13
1,11:15:20
1,11:15:23
1,11:15:25
1,11:15:44
1,11:15:58
1,11:16:01
1,11:16:12
1,11:16:35
1,11:16:50
1,11:17:16
1,11:17:52
1,11:17:55
1,11:18:03
1,11:18:11
1,11:18:12
1,11:18:14
1,11:18:16
1,11:18:28
1,11:18:30
1,11:19:14
1,11:19:17
1,11:19:21
1,11:19:24
1,11:19:30
1,11:19:45
1,11:19:59
1,11:20:57
1,11:21:04
1,11:21:42
1,11:21:43
1,11:21:49
1,11:22:09
1,11:23:04
1,11:23:12
1,11:23:13
1,11:23:19
1,11:23:21
1,11:23:31
1,11:23:34
1,11:24:10
1,11:24:14
1,11:24:25
1,11:24:39
1,11:24:51
1,11:25:01
1,11:25:05
1,11:25:16
1,11:25:30
1,11:25:47
1,11:25:57
1,11:26:07
1,11:26:16
1,11:26:37
1,11:26:39
1,11:26:45
1,11:27:02
1,11:27:38
1,11:27:50
1,11:28:03
1,11:28:22
1,11:28:26
1,11:28:44
1,11:28:57
1,11:29:02
1,11:29:15
1,11:29:57
1,11:30:00
1,11:30:07
1,11:30:10
1,11:30:12
1,11:30:42
1,11:30:57
1,11:31:07
1,11:31:14
1,11:31:21
1,11:31:38
1,11:31:45
1,11:31:50
1,11:32:13
1,11:32:29
1,11:32:40
1,11:33:18
1,11:33:21
1,11:33:27
1,11:33:31
1,11:33:39
1,11:33:42
1,11:33:54
1,11:34:28
2,11:34:46
2,11:34:46
1,11:34:59
1,11:35:11
1,11:35:18
1,11:35:22
1,11:35:26
1,11:35:33
1,11:35:47
1,11:35:51
1,11:36:04
1,11:36:06
1,11:36:09
1,11:36:38
1,11:36:48
1,11:37:00
1,11:37:01
1,11:37:07
2,11:37:16
2,11:37:16
1,11:37:18
1,11:37:19
1,11:37:37
1,11:38:04
1,11:38:29
1,11:38:42
1,11:38:51
1,11:38:55
1,11:38:59
1,11:39:13
1,11:39:15
1,11:39:49
1,11:39:56
1,11:40:20
1,11:40:22
1,11:40:44
1,11:40:58
3,11:40:59
3,11:40:59
3,11:40:59
1,11:41:13
1,11:41:18
1,11:41:28
1,11:41:39
1,11:41:49
1,11:41:55
1,11:42:07
1,11:42:12
1,11:42:58
1,11:43:23
1,11:43:28
1,11:43:32
1,11:43:33
1,11:43:44
1,11:43:46
1,11:43:50
1,11:44:35
1,11:44:36
1,11:44:45
1,11:45:15
1,11:45:37
1,11:45:39
1,11:45:43
2,11:45:50
2,11:45:50
1,11:45:59
1,11:46:00
1,11:46:05
1,11:46:11
1,11:46:16
1,11:46:18
1,11:46:22
1,11:46:32
1,11:46:34
1,11:46:35
1,11:46:58
1,11:47:03
1,11:47:10
1,11:47:13
1,11:47:26
1,11:48:01
1,11:48:11
1,11:48:33
1,11:48:35
1,11:48:45
1,11:48:47
1,11:48:58
1,11:49:00
1,11:49:14
1,11:49:26
1,11:49:31
1,11:49:48
1,11:50:03
1,11:50:11
1,11:50:13
1,11:50:29
1,11:50:33
1,11:50:43
1,11:50:54
1,11:51:26
1,11:51:54
1,11:53:28
1,11:53:33
1,11:53:46
1,11:53:50
1,11:53:53
1,11:54:34
1,11:54:56
1,11:55:01
1,11:55:03
1,11:55:13
1,11:55:28
1,11:55:35
1,11:55:41
1,11:56:00
1,11:56:12
1,11:56:13
2,11:56:21
1,11:56:20
2,11:56:21
1,11:56:32
1,11:56:33
1,11:56:39
1,11:56:51
1,11:57:06
1,11:57:07
1,11:57:09
1,11:57:17
1,11:57:32
3,11:57:52
3,11:57:52
3,11:57:52
1,11:57:54
1,11:57:57
1,11:57:58
1,11:58:01
1,11:58:07
1,11:58:13
1,11:58:33
1,11:58:39
1,11:58:45
1,11:58:46
1,11:58:55
1,11:59:00
1,11:59:06
1,11:59:12
1,11:59:13
1,11:59:14
1,11:59:18
1,11:59:28
1,11:59:35
1,11:59:39
1,11:59:41
1,11:59:50
1,11:59:58
1,12:00:04
1,12:00:12
1,12:00:15
1,12:00:23
1,12:00:26
1,12:00:42
1,12:00:44
1,12:00:45
1,12:00:53
1,12:01:06
1,12:01:14
1,12:01:34
1,12:01:36
1,12:01:42
1,12:01:43
1,12:01:44
1,12:01:49
1,12:01:51
1,12:01:56
1,12:01:58
1,12:02:06
1,12:02:11
1,12:02:22
1,12:02:26
1,12:02:27
1,12:02:30
2,12:02:33
2,12:02:33
1,12:02:34
1,12:02:35
1,12:02:36
1,12:02:37
1,12:02:43
1,12:02:44
1,12:02:47
1,12:02:54
1,12:03:00
1,12:03:04
1,12:03:29
2,12:03:33
2,12:03:33
1,12:03:34
1,12:03:37
2,12:03:49
2,12:03:49
1,12:04:03
1,12:04:04
1,12:04:09
1,12:04:19
2,12:04:24
2,12:04:24
1,12:04:25
1,12:04:43
1,12:04:44
1,12:05:04
1,12:05:10
1,12:05:24
1,12:05:32
1,12:05:34
1,12:05:39
1,12:05:41
1,12:05:42
1,12:05:44
1,12:05:50
1,12:05:53
1,12:05:54
2,12:05:56
2,12:05:56
1,12:06:01
1,12:06:05
1,12:06:07
1,12:06:09
1,12:06:18
1,12:06:20
1,12:06:30
1,12:06:32
1,12:06:50
1,12:06:57
1,12:07:06
1,12:07:12
1,12:07:16
1,12:07:18
1,12:07:23
1,12:07:29
1,12:07:37
1,12:07:43
2,12:07:49
2,12:07:49
1,12:07:53
1,12:07:55
1,12:08:04
1,12:08:16
1,12:08:36
1,12:08:48
1,12:09:22
1,12:09:39
2,12:09:41
2,12:09:41
1,12:09:43
1,12:09:54
1,12:09:55
1,12:10:09
1,12:10:15
1,12:10:19
1,12:10:33
1,12:10:34
2,12:10:46
2,12:10:46
1,12:10:54
1,12:10:59
1,12:11:26
1,12:11:27
1,12:11:35
1,12:11:37
1,12:11:42
1,12:11:43
1,12:11:49
1,12:11:55
1,12:11:57
3,12:12:11
3,12:12:11
3,12:12:11
2,12:12:17
2,12:12:17
1,12:12:18
1,12:12:24
2,12:12:25
2,12:12:25
1,12:12:28
1,12:12:35
1,12:12:36
2,12:12:38
2,12:12:38
1,12:12:46
1,12:12:47
1,12:12:51
1,12:12:52
2,12:13:04
2,12:13:04
1,12:13:05
1,12:13:10
1,12:13:12
2,12:13:15
2,12:13:15
1,12:13:17
1,12:13:18
1,12:13:25
1,12:13:36
1,12:13:37
1,12:13:41
1,12:13:42
1,12:13:48
1,12:13:54
1,12:13:59
3,12:14:00
3,12:14:00
3,12:14:00
1,12:14:11
1,12:14:15
1,12:14:27
1,12:14:34
1,12:14:35
1,12:14:39
1,12:14:57
1,12:15:16
1,12:15:31
1,12:15:36
1,12:15:44
1,12:15:51
1,12:16:00
1,12:16:03
1,12:16:04
1,12:16:20
1,12:16:26
1,12:16:28
1,12:16:30
1,12:16:41
1,12:17:15
1,12:17:16
1,12:17:32
1,12:17:35
2,12:17:36
2,12:17:36
1,12:17:37
1,12:17:47
1,12:17:53
2,12:17:55
2,12:17:55
2,12:18:36
2,12:18:36
1,12:18:39
1,12:18:45
1,12:19:29
1,12:19:42
1,12:19:50
1,12:19:54
1,12:19:59
1,12:20:07
1,12:20:14
1,12:20:17
1,12:20:41
1,12:20:42
2,12:20:44
2,12:20:44
1,12:21:14
1,12:21:21
1,12:21:24
1,12:21:56
1,12:21:58
1,12:22:32
1,12:22:40
1,12:22:42
1,12:22:43
1,12:22:45
1,12:22:56
1,12:23:03
1,12:23:09
1,12:23:08
1,12:23:22
1,12:23:27
1,12:23:43
1,12:23:46
1,12:24:04
1,12:24:11
1,12:24:31
1,12:24:47
1,12:24:55
1,12:24:59
1,12:25:00
1,12:25:30
1,12:26:06
1,12:26:10
1,12:26:26
1,12:27:06
1,12:27:17
1,12:27:18
1,12:27:23
1,12:27:36
1,12:27:43
1,12:28:17
1,12:28:26
1,12:29:11
1,12:29:31
1,12:29:51
1,12:29:54
1,12:29:57
1,12:30:03
1,12:30:05
1,12:30:15
1,12:30:37
1,12:31:09
1,12:31:34
1,12:31:36
1,12:31:50
1,12:31:55
1,12:32:13
1,12:32:21
1,12:32:23
1,12:32:24
1,12:32:58
1,12:33:04
1,12:33:58
1,12:34:03
1,12:34:06
1,12:34:08
1,12:34:20
1,12:34:25
1,12:34:31
1,12:34:42
1,12:34:43
1,12:34:48
1,12:34:57
1,12:35:19
1,12:35:28
1,12:35:43
1,12:35:56
1,12:36:13
1,12:36:14
1,12:36:36
1,12:36:51
1,12:36:56
1,12:36:58
1,12:37:01
1,12:37:35
1,12:37:41
1,12:37:50
1,12:38:26
1,12:38:28
1,12:38:29
1,12:39:01
1,12:39:17
1,12:39:18
1,12:39:25
1,12:39:29
1,12:39:30
1,12:39:41
1,12:39:59
1,12:40:00
1,12:40:28
1,12:40:37
2,12:40:38
2,12:40:38
1,12:40:40
2,12:40:47
2,12:40:47
1,12:40:48
1,12:40:52
1,12:40:54
1,12:41:13
1,12:41:24
2,12:41:31
2,12:41:31
1,12:41:32
1,12:41:38
1,12:43:11
1,12:43:36
1,12:43:40
1,12:43:49
1,12:43:55
1,12:43:58
2,12:43:59
2,12:43:59
1,12:44:10
1,12:44:14
1,12:44:19
1,12:44:26
2,12:44:29
2,12:44:29
1,12:44:38
2,12:45:03
2,12:45:03
1,12:45:40
1,12:46:34
1,12:46:40
1,12:47:19
1,12:48:24
1,12:48:38
1,12:48:39
1,12:49:01
1,12:49:35
1,12:50:06
1,12:51:23
1,12:52:08
1,12:52:28
1,12:52:30
1,12:52:47
1,12:52:54
1,12:53:05
1,12:53:12
1,12:53:51
1,12:54:13
1,12:54:40
1,12:54:50
1,12:55:10
1,12:56:17
1,12:56:36
1,12:56:43
1,12:57:15
1,12:57:33
1,12:57:58
1,12:58:14
1,12:59:03
1,12:59:21
1,13:00:04
1,13:00:09
1,13:00:12
1,13:00:23
1,13:00:26
1,13:00:30
1,13:00:31
1,13:00:36
1,13:00:46
1,13:00:53
1,13:00:54
1,13:00:57
3,13:00:58
3,13:00:58
3,13:00:58
1,13:01:04
1,13:01:08
2,13:01:47
2,13:01:47
1,13:02:37
1,13:02:40
1,13:02:50
1,13:03:23
1,13:03:32
1,13:03:45
1,13:04:04
1,13:04:06
1,13:04:07
1,13:05:10
1,13:05:14
1,13:05:39
1,13:05:46
1,13:05:58
1,13:05:59
1,13:06:03
1,13:06:17
1,13:06:18
1,13:06:22
1,13:06:24
1,13:06:47
1,13:06:55
1,13:07:04
1,13:07:15
1,13:07:21
1,13:07:30
1,13:07:31
1,13:07:40
1,13:07:44
1,13:07:46
1,13:07:58
1,13:08:04
1,13:08:07
1,13:08:09
1,13:08:12
1,13:08:13
1,13:08:19
1,13:08:39
1,13:08:48
1,13:08:49
1,13:09:17
1,13:09:42
1,13:09:44
1,13:09:51
1,13:10:01
1,13:10:07
1,13:10:18
1,13:10:19
1,13:10:26
1,13:10:33
1,13:10:37
1,13:10:41
1,13:10:44
1,13:11:09
1,13:11:15
2,13:11:17
2,13:11:17
1,13:11:20
1,13:11:27
1,13:11:52
1,13:12:12
1,13:12:43
1,13:12:44
1,13:12:51
1,13:13:07
1,13:13:50
1,13:13:54
1,13:14:00
1,13:14:13
1,13:14:14
1,13:14:30
1,13:14:34
1,13:15:01
1,13:15:04
1,13:15:25
1,13:15:26
1,13:15:28
1,13:15:33
1,13:15:40
1,13:15:41
1,13:15:57
1,13:16:06
1,13:16:20
1,13:16:37
1,13:17:02
1,13:17:05
1,13:17:25
1,13:17:33
1,13:17:34
1,13:17:56
1,13:18:00
1,13:18:11
1,13:18:18
1,13:19:20
1,13:19:22
1,13:19:37
1,13:19:41
1,13:19:50
1,13:19:51
1,13:19:58
1,13:20:06
1,13:20:16
1,13:20:37
1,13:20:39
1,13:20:41
1,13:20:47
1,13:21:07
1,13:21:24
1,13:21:27
1,13:21:45
1,13:21:49
1,13:21:58
1,13:22:30
1,13:22:32
1,13:22:37
1,13:22:39
1,13:22:47
1,13:22:49
1,13:22:50
1,13:22:56
1,13:23:14
1,13:23:38
1,13:23:49
1,13:23:50
2,13:24:03
2,13:24:03
1,13:24:11
1,13:24:21
1,13:24:26
1,13:24:34
1,13:24:41
1,13:24:47
1,13:25:10
1,13:25:12
1,13:25:13
1,13:25:14
1,13:25:18
1,13:25:26
1,13:25:50
1,13:25:51
1,13:26:04
1,13:26:05
1,13:26:10
1,13:26:35
1,13:26:39
1,13:26:59
2,13:27:12
2,13:27:12
1,13:27:25
1,13:27:39
1,13:28:03
1,13:28:36
1,13:28:39
1,13:28:43
1,13:28:49
1,13:29:07
1,13:29:40
1,13:29:51
1,13:30:06
1,13:31:33
1,13:31:40
1,13:31:43
1,13:31:55
1,13:32:06
1,13:32:21
1,13:32:39
1,13:32:48
1,13:32:49
1,13:33:07
1,13:33:09
1,13:33:11
1,13:33:12
1,13:33:34
1,13:33:35
1,13:33:49
1,13:34:05
1,13:34:10
1,13:34:12
1,13:34:21
1,13:34:30
1,13:34:54
1,13:35:01
1,13:35:17
1,13:35:22
1,13:35:29
1,13:35:35
1,13:35:41
1,13:35:42
1,13:35:43
1,13:36:04
1,13:36:56
1,13:37:25
1,13:37:27
1,13:37:43
1,13:37:50
1,13:38:01
1,13:38:16
1,13:38:25
1,13:38:27
1,13:39:07
1,13:39:25
1,13:39:43
1,13:39:50
1,13:39:53
1,13:39:56
1,13:39:59
1,13:40:00
1,13:40:29
1,13:40:57
1,13:41:00
1,13:41:04
1,13:41:06
2,13:41:07
2,13:41:07
1,13:41:12
1,13:41:18
1,13:41:23
1,13:41:24
1,13:41:38
1,13:41:43
1,13:41:55
1,13:42:03
1,13:42:11
1,13:42:16
1,13:42:24
1,13:42:35
1,13:42:38
1,13:43:07
1,13:43:12
1,13:43:24
1,13:43:53
1,13:44:12
1,13:44:14
1,13:44:26
1,13:44:35
1,13:45:03
1,13:45:15
1,13:45:29
2,13:45:35
2,13:45:35
1,13:45:47
1,13:46:20
1,13:46:44
1,13:47:08
1,13:47:10
1,13:47:27
2,13:47:39
2,13:47:39
1,13:47:45
1,13:48:26
1,13:48:45
1,13:49:00
1,13:49:17
1,13:49:26
1,13:49:55
1,13:49:59
1,13:50:06
1,13:50:29
1,13:50:31
1,13:50:45
1,13:51:14
1,13:51:16
1,13:51:30
1,13:51:34
1,13:51:44
1,13:51:48
1,13:51:49
1,13:51:55
1,13:51:59
1,13:52:03
1,13:52:09
1,13:52:12
1,13:52:11
1,13:52:16
1,13:52:20
1,13:52:24
1,13:52:34
1,13:52:50
1,13:52:55
1,13:53:03
1,13:53:08
1,13:53:16
1,13:53:25
1,13:53:29
1,13:53:32
1,13:53:49
1,13:53:52
1,13:54:06
1,13:54:10
1,13:54:12
2,13:54:25
2,13:54:25
1,13:54:29
1,13:54:47
1,13:54:59
1,13:55:07
1,13:55:15
1,13:55:25
1,13:55:44
1,13:55:52
1,13:55:57
1,13:56:02
1,13:56:49
1,13:56:54
1,13:56:55
1,13:57:36
1,13:57:47
1,13:57:48
1,13:57:58
1,13:58:01
1,13:58:03
1,13:59:05
1,13:59:09
1,13:59:11
1,13:59:23
1,13:59:34
1,13:59:44
1,13:59:57
1,13:59:58
1,14:00:00
1,14:00:09
1,14:00:22
1,14:00:44
1,14:00:54
1,14:01:02
1,14:01:15
1,14:01:22
1,14:01:52
1,14:02:09
1,14:02:12
2,14:02:18
2,14:02:18
1,14:02:20
1,14:02:22
1,14:02:25
1,14:02:39
3,14:02:41
3,14:02:41
3,14:02:41
2,14:02:45
2,14:02:45
2,14:02:51
2,14:02:51
1,14:03:01
1,14:03:16
1,14:03:18
1,14:03:19
1,14:03:23
1,14:03:30
1,14:03:34
2,14:03:40
2,14:03:40
1,14:03:44
1,14:03:48
1,14:03:59
1,14:04:00
1,14:04:04
1,14:04:12
1,14:04:20
1,14:04:24
1,14:04:26
1,14:04:40
1,14:04:45
1,14:04:52
1,14:05:03
1,14:05:05
1,14:05:08
1,14:05:09
1,14:05:11
1,14:05:27
1,14:05:41
1,14:05:42
1,14:05:44
1,14:05:47
1,14:05:54
1,14:05:55
1,14:05:57
1,14:06:00
1,14:06:01
1,14:06:04
1,14:06:06
2,14:06:08
2,14:06:08
1,14:06:10
1,14:06:12
1,14:06:20
1,14:06:31
1,14:06:33
1,14:06:34
1,14:06:38
1,14:06:44
